sample_accession	matrix_column	group	PC1	PC2
GSM4729196	CALR1	CALR	-11.65179389584381	15.186047193655972
GSM4729197	CALR2	CALR	-72.89660261404349	-41.226597520902615
GSM4729198	CALR3	CALR	-0.8778989435380677	-63.609953128187485
GSM4729199	Control1	Healthy	48.93765399247612	9.046094756213845
GSM4729200	Control2	Healthy	42.808631765021666	35.79768752792729
GSM4729201	Control3	Healthy	43.35182772199731	32.98994978397188
GSM4729202	Control4	Healthy	37.51605043345561	46.57179856123897
GSM4729203	JAK1	JAK2	-24.01259222980923	-32.8885266410843
GSM4729204	JAK2	JAK2	-19.6431865968423	0.6591932482695804
GSM4729205	JAK3	JAK2	4.642294623451936	-60.07005444958537
GSM4729206	TN1	Triple_negative	-48.705244912815765	19.84820408184475
GSM4729207	TN2	Triple_negative	-23.886041678708203	18.950705952823828
GSM4729208	TN3	Triple_negative	35.75667083782892	-4.2166699394096145
GSM4729209	TN4	Triple_negative	29.166356114467217	-28.961404118411494
GSM4729210	TN5	Triple_negative	52.966764723390334	-1.4112182991606805
GSM4729211	TN6	Triple_negative	-21.09790451704823	7.6120792658349465
GSM4729212	TN7	Triple_negative	13.475759260122903	-0.37887815219321713
GSM4729213	TN8	Triple_negative	20.096709360042897	-3.9317709259841203
GSM4729214	TN9	Triple_negative	42.673662458424026	0.304460730109294
GSM4729215	TN10	Triple_negative	-26.3371573797192	3.225622985945051
GSM4729216	TN11	Triple_negative	0.42023536752942564	-0.18031880196925232
GSM4729217	TN12	Triple_negative	-122.70419388984018	46.683547889052775
