sample_accession	matrix_column	group	description	CALR_expression
GSM4729196	CALR1	CALR	CALR Patient 1	173.377278565193
GSM4729197	CALR2	CALR	CALR Patient 2	97.8551763116634
GSM4729198	CALR3	CALR	CALR Patient 3	199.045344957321
GSM4729199	Control1	Healthy	Healthy Control 1	153.47948476643
GSM4729200	Control2	Healthy	Healthy Control 2	188.225080175772
GSM4729201	Control3	Healthy	Healthy Control 3	196.871300510759
GSM4729202	Control4	Healthy	Healthy Control 4	248.863757803153
GSM4729203	JAK1	JAK2	JAK2 Patient 1	279.54787275163
GSM4729204	JAK2	JAK2	JAK2 Patient 2	160.261575786457
GSM4729205	JAK3	JAK2	JAK2 Patient 3	183.080913667168
GSM4729206	TN1	Triple_negative	TN Patient 1	298.79641772651
GSM4729207	TN2	Triple_negative	TN Patient 10	256.670920344842
GSM4729208	TN3	Triple_negative	TN Patient 11	108.489171832317
GSM4729209	TN4	Triple_negative	TN Patient 12	124.032499695199
GSM4729210	TN5	Triple_negative	TN Patient 2	109.405709729941
GSM4729211	TN6	Triple_negative	TN Patient 3	119.797373699179
GSM4729212	TN7	Triple_negative	TN Patient 4	134.504786159975
GSM4729213	TN8	Triple_negative	TN Patient 5	148.155139549199
GSM4729214	TN9	Triple_negative	TN Patient 6	153.109210679105
GSM4729215	TN10	Triple_negative	TN Patient 7	152.809097121367
GSM4729216	TN11	Triple_negative	TN Patient 8	120.513451033698
GSM4729217	TN12	Triple_negative	TN Patient 9	62.972474585518
