gene_id	CALR_n	nonCALR_ET_n	CALR_mean_CPM	nonCALR_ET_mean_CPM	mean_difference_CPM	log2_pseudocount_ratio	Cohens_d	abs_Cohens_d	direction
11223	3	15	0.6658633002323734	114.40058791830513	-113.73472461807276	-6.114236744862156	-0.27672793544653135	0.27672793544653135	Lower_in_CALR
768	3	15	0.11608450277514866	11.459075945244377	-11.342991442469229	-3.4806789036308188	-0.38261298779938124	0.38261298779938124	Lower_in_CALR
686	3	15	3.81630499380702	46.73360080697547	-42.917295813168444	-3.3090065117307272	-0.41435862335833196	0.41435862335833196	Lower_in_CALR
6084	3	15	133.88261386448823	1240.6066695751556	-1106.7240557106675	-3.2024319079373518	-0.31994257220450867	0.31994257220450867	Lower_in_CALR
389125	3	15	6.5831244926537495	61.67771152190562	-55.09458702925187	-3.0470881922890647	-0.259759156975243	0.259759156975243	Lower_in_CALR
6085	3	15	97.83835772826251	803.8738526560919	-706.0354949278294	-3.025619743766635	-0.30082882466381505	0.30082882466381505	Lower_in_CALR
28959	3	15	1.672876155169866	10.649502482236809	-8.976626327066942	-2.1238034441878604	-0.7331407245729227	0.7331407245729227	Lower_in_CALR
2352	3	15	0.9053579167992319	7.044652372290181	-6.139294455490949	-2.077968050273054	-0.7024863801577165	0.7024863801577165	Lower_in_CALR
55753	3	15	0.0425836353159847	3.1655096880479423	-3.1229260527319576	-1.9983299129893548	-0.6780971818751544	0.6780971818751544	Lower_in_CALR
1958	3	15	7.6240879947118225	30.548202497397764	-22.924114502685942	-1.8711140043768584	-0.7052061829585807	0.7052061829585807	Lower_in_CALR
3084	3	15	1.217597404710857	7.01551262001528	-5.797915215304423	-1.8537973145347613	-0.9281936128358804	0.9281936128358804	Lower_in_CALR
1462	3	15	403.29006805684435	1356.1735052481454	-952.883437191301	-1.7471425037684885	-1.314288953501266	1.314288953501266	Lower_in_CALR
1959	3	15	2.62200122984451	11.017264058387786	-8.395262828543276	-1.7302495372562394	-0.5189103494729677	0.5189103494729677	Lower_in_CALR
1545	3	15	16.78674495993074	50.46614816245392	-33.679403202523176	-1.532821295940387	-1.398619554006827	1.398619554006827	Lower_in_CALR
51673	3	15	1.4607306838604865	6.085574195087907	-4.624843511227421	-1.5257980000306552	-1.045118861461977	1.045118861461977	Lower_in_CALR
10984	3	15	18.820554717176964	55.29608287227811	-36.475528155101145	-1.506037202145433	-1.176390930392329	1.176390930392329	Lower_in_CALR
55365	3	15	1.5248057428152129	6.136847228922568	-4.612041486107356	-1.4991144985799365	-0.5776520711300946	0.5776520711300946	Lower_in_CALR
9509	3	15	0.11714249569280365	2.114133880894986	-1.9969913852021826	-1.4790177504996582	-1.1488205933425628	1.1488205933425628	Lower_in_CALR
23158	3	15	13.588383189304702	39.53596524830065	-25.94758205899595	-1.474382496959962	-1.6008237872525384	1.6008237872525384	Lower_in_CALR
2201	3	15	6.7096581245398434	20.210419959970338	-13.500761835430495	-1.4600343939759584	-1.1859979996838075	1.1859979996838075	Lower_in_CALR
84620	3	15	4.038819865362966	12.789001267544052	-8.750181402181084	-1.4523601798444203	-0.3690509226665809	0.3690509226665809	Lower_in_CALR
155038	3	15	10.814158827438163	31.264512852589863	-20.4503540251517	-1.4494313305034225	-0.8983821350150333	0.8983821350150333	Lower_in_CALR
1178	3	15	3.3277322023760245	10.673240653898862	-7.3455084515228375	-1.431521994965427	-0.5227553803599012	0.5227553803599012	Lower_in_CALR
2205	3	15	7.302288936295408	21.179746441290927	-13.877457504995519	-1.4176618261071887	-1.113117198846757	1.113117198846757	Lower_in_CALR
219970	3	15	0.6114632674481997	3.2027723565968205	-2.591309089148621	-1.3829700117341035	-0.4245513404516756	0.4245513404516756	Lower_in_CALR
256472	3	15	0.08546926743522908	1.8181375447224697	-1.7326682772872406	-1.3764231469823989	-0.3864623835955249	0.3864623835955249	Lower_in_CALR
7478	3	15	0.05768484023525597	1.6992431071248226	-1.6415582668895667	-1.3516451091585253	-1.0584059643100505	1.0584059643100505	Lower_in_CALR
100507296	3	15	309.4418871768507	778.3135750617639	-468.87168788491323	-1.327880717203703	-1.0330219664849847	1.0330219664849847	Lower_in_CALR
5205	3	15	2.2423891827959124	6.919891581348955	-4.6775023985530435	-1.2884234133841164	-1.032814024130104	1.032814024130104	Lower_in_CALR
122402	3	15	1.089060013357418	4.0709281936151935	-2.9818681802577753	-1.2793959074632573	-1.4120288511425805	1.4120288511425805	Lower_in_CALR
284759	3	15	5.836966877856253	15.521323949158939	-9.684357071302685	-1.2729009616591398	-1.2108933458021132	1.2108933458021132	Lower_in_CALR
2857	3	15	1.4829211414564298	4.991756706448245	-3.5088355649918155	-1.2709406030848394	-1.5637768502973457	1.5637768502973457	Lower_in_CALR
139065	3	15	1.4146014180999191	4.807464326780746	-3.3928629086808266	-1.266123326224023	-1.5571119798289967	1.5571119798289967	Lower_in_CALR
643680	3	15	2.55227833474483	7.533312177255481	-4.9810338425106515	-1.264361200764834	-1.6194161070888373	1.6194161070888373	Lower_in_CALR
56729	3	15	2.0383742479247116	6.2126964718897035	-4.174322223964992	-1.2472391299825154	-0.40834645000980985	0.40834645000980985	Lower_in_CALR
729230	3	15	20.682016553652883	50.23668366190593	-29.554667108253046	-1.2406781570711045	-1.107876063842457	1.107876063842457	Lower_in_CALR
282996	3	15	0.6490177611694082	2.8800681884110095	-2.2310504272416014	-1.2344750688156836	-0.9161916475647689	0.9161916475647689	Lower_in_CALR
53905	3	15	2.0416423462196427	6.153904021910179	-4.112261675690537	-1.2338802403368963	-0.46089406314973874	0.46089406314973874	Lower_in_CALR
9383	3	15	147.18177239220125	347.4421428973323	-200.26037050513105	-1.2335511286700722	-0.7750945052070206	0.7750945052070206	Lower_in_CALR
4069	3	15	907.2824738164869	2133.452011572651	-1226.1695377561641	-1.232652779806111	-1.1610454695254289	1.1610454695254289	Lower_in_CALR
123041	3	15	11.983415662849966	29.36840004016982	-17.384984377319853	-1.2259009261768088	-1.7814401471891421	1.7814401471891421	Lower_in_CALR
6038	3	15	1.5293650967514179	4.90126878962588	-3.3719036928744623	-1.2222498760668172	-1.6707302007628237	1.6707302007628237	Lower_in_CALR
4035	3	15	79.60336494851123	186.79427333619407	-107.19090838768284	-1.2202410963087251	-1.3289431263967755	1.3289431263967755	Lower_in_CALR
8829	3	15	0.9166938420901802	3.458555552026534	-2.5418617099363536	-1.217956482362899	-0.8775566943140741	0.8775566943140741	Lower_in_CALR
1848	3	15	159.09139387765964	370.5314935731263	-211.44009969546664	-1.2145887545574272	-0.8731709095300534	0.8731709095300534	Lower_in_CALR
3880	3	15	0.017932013059218068	1.3209547047452965	-1.3030226916860785	-1.189077159553885	-1.1972906881301513	1.1972906881301513	Lower_in_CALR
4048	3	15	73.46010415501922	168.71170843451168	-95.25160427949245	-1.1885465606971595	-1.257451842943895	1.257451842943895	Lower_in_CALR
134549	3	15	0.35067149096401534	2.053878118288543	-1.7032066273245277	-1.1769656582343315	-1.9717188816855291	1.9717188816855291	Lower_in_CALR
5055	3	15	0.6470644623606433	2.68653921663722	-2.0394747542765765	-1.1623700841659756	-1.1218990948526728	1.1218990948526728	Lower_in_CALR
414	3	15	6.794690101820084	16.400344593479115	-9.605654491659031	-1.1585523061634047	-1.7223593491726148	1.7223593491726148	Lower_in_CALR
285834	3	15	0.5027720223654767	2.346705334957672	-1.843933312592195	-1.1551153704648573	-0.5374912392304335	0.5374912392304335	Lower_in_CALR
166929	3	15	7.744323042346793	18.14362936251705	-10.399306320170258	-1.1304457656907192	-1.3509284440978735	1.3509284440978735	Lower_in_CALR
11096	3	15	0.1150676836672528	1.416227610099247	-1.3011599264319942	-1.1156250806333592	-1.248734752966153	1.248734752966153	Lower_in_CALR
5881	3	15	0.4960524131679283	2.2398049200048638	-1.7437525068369355	-1.1147462260665875	-1.0864995926927692	1.0864995926927692	Lower_in_CALR
219972	3	15	249.9988210868756	540.8950667531568	-290.8962456662812	-1.110332925313366	-1.6086086920200169	1.6086086920200169	Lower_in_CALR
4064	3	15	8.115854403073127	18.610498535216283	-10.494644132143156	-1.1051764245658902	-1.4159324750829654	1.4159324750829654	Lower_in_CALR
463	3	15	9.087710187941921	20.690667146792258	-11.602956958850337	-1.1044756932566764	-1.3236125618850352	1.3236125618850352	Lower_in_CALR
820	3	15	10.677227147631834	24.071168660973584	-13.39394151334175	-1.1023315119147936	-0.31973590240927957	0.31973590240927957	Lower_in_CALR
433	3	15	2.2686596095545966	6.001467857044854	-3.732808247490257	-1.0989582685466635	-1.84744627484147	1.84744627484147	Lower_in_CALR
79026	3	15	1024.835470821913	2195.634484888597	-1170.7990140666839	-1.0984954664010758	-1.1842662213466388	1.1842662213466388	Lower_in_CALR
4610	3	15	6.7562316259015835	15.595409150484382	-8.839177524582798	-1.0973564059977927	-1.5431954104962249	1.5431954104962249	Lower_in_CALR
79944	3	15	2.794083200868416	7.106005544483294	-4.311922343614878	-1.0952398460694	-0.3795270201064502	0.3795270201064502	Lower_in_CALR
118433	3	15	8.586532472511221	19.472464130860985	-10.885931658349763	-1.0946037801035073	-0.5423296504628584	0.5423296504628584	Lower_in_CALR
85315	3	15	3.073420581133222	7.642825795441179	-4.569405214307957	-1.0852623021333567	-0.9634036326787269	0.9634036326787269	Lower_in_CALR
23236	3	15	7.914568734492604	17.902178867769052	-9.987610133276448	-1.084315634011444	-1.5249122805859068	1.5249122805859068	Lower_in_CALR
5197	3	15	101.82256746495163	216.32400554470453	-114.5014380797529	-1.0796906014427678	-0.2865428019803046	0.2865428019803046	Lower_in_CALR
283383	3	15	0.7803966451814643	2.761236547244199	-1.9808399020627347	-1.0790083540818727	-1.1057617938239386	1.1057617938239386	Lower_in_CALR
399940	3	15	0.1573081483702183	1.439611172582906	-1.2823030242126876	-1.0758781761372302	-0.8053986560606924	0.8053986560606924	Lower_in_CALR
64757	3	15	7.186399174102784	16.246356231239954	-9.059957057137169	-1.0749906645903144	-1.761545850186799	1.761545850186799	Lower_in_CALR
29841	3	15	5.924451510086214	13.545045437002148	-7.620593926915935	-1.070756099184225	-0.28522746016962014	0.28522746016962014	Lower_in_CALR
9037	3	15	0.9484631981022164	3.0729000066159426	-2.1244368085137264	-1.0637197126659688	-0.61582152606887	0.61582152606887	Lower_in_CALR
400765	3	15	6.005889571070846	13.598519779344318	-7.592630208273472	-1.0591819408468082	-1.0154153860295332	1.0154153860295332	Lower_in_CALR
284837	3	15	5.239714446669897	11.952707661262568	-6.712993214592672	-1.0537018010075498	-1.1413183705327326	1.1413183705327326	Lower_in_CALR
1436	3	15	39.84680099501197	83.79155242354516	-43.94475142853319	-1.053697444711351	-1.4964821134291053	1.4964821134291053	Lower_in_CALR
387751	3	15	31.250109641194737	65.87237575284526	-34.62226611165052	-1.0521063070835508	-0.84606870612922	0.84606870612922	Lower_in_CALR
7503	3	15	298.2207004073567	619.1255062029253	-320.9048057955686	-1.0513502439169997	-0.6612984759405387	0.6612984759405387	Lower_in_CALR
56163	3	15	0.1604409533134243	1.4037989889441775	-1.2433580356307532	-1.050643143766049	-0.2674946556450412	0.2674946556450412	Lower_in_CALR
4057	3	15	33.738792834457065	70.68631410405199	-36.94752126959492	-1.0451500934595916	-0.3663192414421919	0.3663192414421919	Lower_in_CALR
100507358	3	15	0.166788910819356	1.4058632578814947	-1.2390743470621386	-1.0440110663281246	-0.8583583023982733	0.8583583023982733	Lower_in_CALR
9545	3	15	21.281221862624466	44.939149677063796	-23.65792781443933	-1.043895803334176	-2.323053533312003	2.323053533312003	Lower_in_CALR
25939	3	15	99.17348579704954	204.36305666724513	-105.1895708701956	-1.0356759721288613	-1.675996633578513	1.675996633578513	Lower_in_CALR
7074	3	15	26.173168243293436	54.672545830248296	-28.49937758695486	-1.0347832714614755	-1.2663924740583894	1.2663924740583894	Lower_in_CALR
23601	3	15	2.3241892983572767	5.8038367391001096	-3.479647440742833	-1.033345983590252	-0.754832876274495	0.754832876274495	Lower_in_CALR
346007	3	15	2.52846614362576	6.19687874713412	-3.6684126035083597	-1.0283301849653879	-0.8209017540884779	0.8209017540884779	Lower_in_CALR
7157	3	15	4.985460874988087	11.180203871393525	-6.194742996405438	-1.0250040384231638	-1.4151634595314182	1.4151634595314182	Lower_in_CALR
7045	3	15	70.92338376492494	145.17793188992863	-74.2545481250037	-1.023192725988988	-1.2801424556269305	1.2801424556269305	Lower_in_CALR
100130231	3	15	16.658157241600232	34.706593751021174	-18.04843650942094	-1.0158557188302941	-0.7563980364359544	0.7563980364359544	Lower_in_CALR
51313	3	15	17.283918463568448	35.95432923908584	-18.67041077551739	-1.015168097109207	-1.2134817954849002	1.2134817954849002	Lower_in_CALR
286101	3	15	3.91481334686713	8.929567426940974	-5.014754080073844	-1.0145942419369685	-1.6363063851796193	1.6363063851796193	Lower_in_CALR
80319	3	15	0.5774417114404123	2.1859041487517574	-1.6084624373113452	-1.0141161658305489	-0.2256441910978218	0.2256441910978218	Lower_in_CALR
100506954	3	15	0.09607767769037934	1.2090993236538745	-1.1130216459634952	-1.0111082414223371	-0.8234069759371537	0.8234069759371537	Lower_in_CALR
165530	3	15	0.883356619095936	2.795629257691678	-1.9122726385957423	-1.0110328780448352	-0.6587170144400532	0.6587170144400532	Lower_in_CALR
10911	3	15	0.19139935926636334	1.3924431957374666	-1.2010438364711031	-1.0058275826038168	-0.5903536761503619	0.5903536761503619	Lower_in_CALR
10238	3	15	19.4792854161153	40.00390253055194	-20.52461711443664	-1.001595847961842	-1.228938247860112	1.228938247860112	Lower_in_CALR
100506356	3	15	1.452883426856925	3.910688313015071	-2.4578048861581463	-1.0014465844140457	-1.7076226672585062	1.7076226672585062	Lower_in_CALR
84439	3	15	0.13118570769441965	1.2598505113496106	-1.128664803655191	-0.9983915446028121	-0.9611687261647271	0.9611687261647271	Lower_in_CALR
412	3	15	5.586385387069494	12.13125403995266	-6.544868652883166	-0.9954458652860323	-1.7502385981877198	1.7502385981877198	Lower_in_CALR
911	3	15	4.0873090642011265	9.128452115095662	-5.041143050894536	-0.9934390619305624	-1.107293989108092	1.107293989108092	Lower_in_CALR
340526	3	15	0.6540469027641848	2.2921529619896206	-1.6381060592254357	-0.9930312239988732	-1.5759045437677046	1.5759045437677046	Lower_in_CALR
1903	3	15	5.760671272238132	12.425894505856467	-6.6652232336183355	-0.9897798065457839	-1.0662788127357798	1.0662788127357798	Lower_in_CALR
